{
  "filename": "test_gen_0001_banking_service_deposit.py",
  "tests": [
    {
      "name": "test_deposit_positive_amount_line_170",
      "code": "import importlib\nimport pytest\n\nbanking_service = importlib.import_module('banking_service')\n\ndef test_deposit_positive_amount_line_170():\n    deposit_function = getattr(banking_service, 'deposit', None)\n    if deposit_function is None:\n        pytest.skip('Function deposit not found in banking_service')\n    account = {'balance': 100}\n    amount = 50\n    deposit_function(account, amount)\n    assert account['balance'] == 150, 'Balance should be updated with positive amount'\n"
    },
    {
      "name": "test_deposit_negative_amount_raise_line_171",
      "code": "import importlib\nimport pytest\n\nbanking_service = importlib.import_module('banking_service')\n\ndef test_deposit_negative_amount_raise_line_171():\n    deposit_function = getattr(banking_service, 'deposit', None)\n    if deposit_function is None:\n        pytest.skip('Function deposit not found in banking_service')\n    account = {'balance': 100}\n    amount = -10\n    with pytest.raises(ValueError, match='Amount must be positive'):  # Adjust the message to expected exception message\n        deposit_function(account, amount)\n"
    }
  ]
}