{
  "filename": "test_gen_0005_activities_refund.py",
  "tests": [
    {
      "name": "test_refund_branch_true_line_65",
      "code": "import importlib\nimport pytest\n\nactivities = importlib.import_module('activities')\n\n\ndef test_refund_branch_true_line_65(monkeypatch):\n    refund_func = getattr(activities, 'refund', None)\n    if not refund_func:\n        pytest.skip('refund function not found')\n\n    def fake_confirm_payment(user_id, amount):\n        return 'success'\n\n    def fake_process_refund(user_id, amount):\n        return 'completed'  \n\n    # Patching external calls\n    monkeypatch.setattr(activities, 'confirm_payment', fake_confirm_payment)\n    monkeypatch.setattr(activities, 'process_refund', fake_process_refund)\n\n    # Test input that follows refund's branch where confirmation is 'success'\n    result = refund_func(user_id='123456', amount=100)\n\n    assert result == 'completed'\n"
    },
    {
      "name": "test_refund_exception_line_64",
      "code": "import importlib\nimport pytest\n\nactivities = importlib.import_module('activities')\n\n\ndef test_refund_exception_line_64(monkeypatch):\n    refund_func = getattr(activities, 'refund', None)\n    if not refund_func:\n        pytest.skip('refund function not found')\n\n    def fake_confirm_payment(user_id, amount):\n        return 'failure'\n\n    # Patching external call\n    monkeypatch.setattr(activities, 'confirm_payment', fake_confirm_payment)\n\n    # Test input that follows refund's exception path when confirmation fails\n    with pytest.raises(Exception) as exc_info:\n        refund_func(user_id='123456', amount=100)\n\n    assert str(exc_info.value) == 'Refund failed due to payment confirmation failure'\n"
    }
  ]
}