{
  "filename": "test_gen_0006_activities_refund.py",
  "tests": [
    {
      "name": "test_refund_branch_and_def_use_path",
      "code": "import pytest\nimport importlib\nfrom unittest.mock import patch\n\nactivities = importlib.import_module('activities')\n\n@patch('temporalio.client.Client')  # Mocking external dependencies\n@patch('temporalio.worker.Worker')\n@patch('temporalio.workflow.Workflow')\ndef test_refund_branch_and_def_use_path(mock_workflow, mock_worker, mock_client):\n    refund_func = getattr(activities, 'refund', None)\n    if not refund_func:\n        pytest.skip('refund function is not implemented yet')\n    \n    # Assuming refund takes an amount and returns a confirmation string.\n    result = refund_func(amount=100)  # Provide an amount > 0\n    assert result == 'Refund processed', 'The refund should be processed for valid amount'\n"
    },
    {
      "name": "test_refund_exceptions",
      "code": "import pytest\nimport importlib\nfrom unittest.mock import patch, Mock\n\nactivities = importlib.import_module('activities')\n\n@patch('temporalio.client.Client')  # Mocking external dependencies\n@patch('temporalio.worker.Worker')\n@patch('temporalio.workflow.Workflow')\ndef test_refund_exceptions(mock_workflow, mock_worker, mock_client):\n    refund_func = getattr(activities, 'refund', None)\n    if not refund_func:\n        pytest.skip('refund function is not implemented yet')\n    \n    # Simulating an exception scenario, provide an incorrect input or mock to raise the expected exception\n    with pytest.raises(ValueError, match='Invalid amount'):  # Assuming refund raises ValueError for invalid input\n        refund_func(amount=-100)  # Provide an invalid amount to trigger exception\n"
    }
  ]
}