{
  "filename": "test_gen_0007_run_workflow_main.py",
  "tests": [
    {
      "name": "test_hit_branch_line_22",
      "code": "import importlib\nimport pytest\n\n\ndef test_hit_branch_line_22(monkeypatch):\n    # Import the module using importlib\n    module = importlib.import_module('run_workflow')\n\n    # Prepare a mock for the condition\n    def mock_condition():\n        return True  # Assume condition for hitting branch line 22 is True\n\n    # Use monkeypatch to replace the real function\n    monkeypatch.setattr('run_workflow.some_condition_check', mock_condition)\n\n    # Run the main function\n    main_function = getattr(module, 'main', None)\n    if main_function is None:\n        pytest.skip('main function not available in run_workflow')\n\n    # Invoke the function and verify\n    main_function()\n    assert mock_condition() is True  # Validate condition met"
    },
    {
      "name": "test_def_use_result",
      "code": "import importlib\nimport pytest\n\n\ndef test_def_use_result():\n    # Import the module using importlib\n    module = importlib.import_module('run_workflow')\n\n    # Retrieve the main function\n    main_function = getattr(module, 'main', None)\n    if main_function is None:\n        pytest.skip('main function not available in run_workflow')\n\n    # Dummy result expected\n    expected_result = 'some_expected_value'\n\n    # Run the main function which modifies global or environment state\n    result = main_function()\n\n    assert result == expected_result  # Verify the def-use use with expected state"
    },
    {
      "name": "test_exception_in_try_block",
      "code": "import importlib\nimport pytest\n\n\ndef test_exception_in_try_block():\n    # Import the module using importlib\n    module = importlib.import_module('run_workflow')\n\n    # Retrieve the main function\n    main_function = getattr(module, 'main', None)\n    if main_function is None:\n        pytest.skip('main function not available in run_workflow')\n\n    # Prepare a mock to induce an exception\n    def mock_that_raises():\n        raise ValueError('Expected exception in try block')\n\n    # Use monkeypatch to simulate exception in the target line\n    import run_workflow\n    monkeypatch.setattr(run_workflow, 'some_function_that_might_fail', mock_that_raises)\n\n    # Verify using pytest.raises\n    with pytest.raises(ValueError, match='Expected exception in try block'):\n        main_function()"
    }
  ]
}