{
  "filename": "test_gen_0003_run_workflow__module_.py",
  "tests": [
    {
      "name": "test_line_36_true_branch",
      "code": "import importlib\nimport pytest\n\nmodule_name = 'run_workflow'\n\ndef test_line_36_true_branch(monkeypatch):\n    run_workflow = importlib.import_module(module_name)\n    \n    def fake_client_init_mock(*args, **kwargs):\n        return None\n\n    def fake_worker_init_mock(*args, **kwargs):\n        return None\n\n    # Patch the temporal client's and worker's entry point\n    monkeypatch.setattr('temporalio.client.Client', fake_client_init_mock)\n    monkeypatch.setattr('temporalio.worker.Worker', fake_worker_init_mock)\n\n    # condition to trigger the true branch on line 36\n    some_condition = True  # placeholder; set correct condition based on actual code logic\n    \n    # Mock related functions or conditions if required\n    result = run_workflow.main(some_condition)  # assuming main function usage based on module entry\n\n    # Add asserts to validate expected outcome\n    assert result is not None"
    },
    {
      "name": "test_line_36_false_branch",
      "code": "import importlib\nimport pytest\n\nmodule_name = 'run_workflow'\n\ndef test_line_36_false_branch(monkeypatch):\n    run_workflow = importlib.import_module(module_name)\n    \n    def fake_client_init_mock(*args, **kwargs):\n        return None\n\n    def fake_worker_init_mock(*args, **kwargs):\n        return None\n\n    # Patch the temporal client's and worker's entry point\n    monkeypatch.setattr('temporalio.client.Client', fake_client_init_mock)\n    monkeypatch.setattr('temporalio.worker.Worker', fake_worker_init_mock)\n\n    # condition to trigger the false branch on line 36\n    some_condition = False  # placeholder; set correct condition based on actual code logic\n    \n    # Mock related functions or conditions if required\n    result = run_workflow.main(some_condition)  # assuming main function usage based on module entry\n\n    # Add asserts to validate expected outcome\n    assert result is None"
    }
  ]
}