{
  "filename": "test_gen_0002_run_worker__module_.py",
  "tests": [
    {
      "name": "test_hit_branch_line_25_true",
      "code": "def test_hit_branch_line_25_true(monkeypatch):\n    import importlib\n    try:\n        module = importlib.import_module('run_worker')\n    except ImportError:\n        import pytest\n        pytest.skip('run_worker module could not be imported')\n\n    def mock_worker(*args, **kwargs):\n        return True\n\n    monkeypatch.setattr('temporalio.worker.Worker', mock_worker)\n\n    assert getattr(module, 'some_branch_condition')() is True"
    },
    {
      "name": "test_hit_branch_line_25_false",
      "code": "def test_hit_branch_line_25_false(monkeypatch):\n    import importlib\n    try:\n        module = importlib.import_module('run_worker')\n    except ImportError:\n        import pytest\n        pytest.skip('run_worker module could not be imported')\n\n    def mock_worker(*args, **kwargs):\n        return False\n\n    monkeypatch.setattr('temporalio.worker.Worker', mock_worker)\n\n    assert getattr(module, 'some_branch_condition')() is False"
    }
  ]
}