{
  "filename": "test_gen_0004_activities_refund.py",
  "tests": [
    {
      "name": "test_line_58_true_path",
      "code": "import importlib\nimport pytest\n\n@pytest.mark.asyncio\nasync def test_line_58_true_path(monkeypatch):\n    activities = importlib.import_module('activities')\n    refund = getattr(activities, 'refund', None)\n    if refund is None:\n        pytest.skip('Function refund not available')\n\n    async def mock_confirm_account(account_id):\n        return True\n\n    monkeypatch.setattr(activities, 'confirm_account', mock_confirm_account)\n\n    account_id = 'valid_account'\n    refund_amount = 100\n\n    confirmation = await refund(account_id, refund_amount)\n    assert confirmation is True, 'Expected confirmation to be True when account is valid'\n"
    },
    {
      "name": "test_line_58_false_path_and_exception",
      "code": "import importlib\nimport pytest\n\n@pytest.mark.asyncio\nasync def test_line_58_false_path_and_exception(monkeypatch):\n    activities = importlib.import_module('activities')\n    refund = getattr(activities, 'refund', None)\n    if refund is None:\n        pytest.skip('Function refund not available')\n\n    async def mock_confirm_account(account_id):\n        return False\n\n    monkeypatch.setattr(activities, 'confirm_account', mock_confirm_account)\n\n    account_id = 'invalid_account'\n    refund_amount = 100\n\n    with pytest.raises(activities.InvalidAccountError, match='Invalid account for refund'):  \n        await refund(account_id, refund_amount)\n"
    }
  ]
}