[
  {
    "file": "/content/money-transfer-project-template-python/activities.py",
    "target_lines": [
      46,
      47,
      48,
      49,
      50,
      57,
      58,
      59,
      62,
      63,
      64,
      65,
      66,
      67
    ],
    "branch_targets": [
      {
        "line": "46",
        "total_outcomes": 2,
        "covered": 0
      },
      {
        "line": "63",
        "total_outcomes": 2,
        "covered": 0
      }
    ],
    "input_constraints": [
      "hit line 46",
      "hit line 47",
      "hit line 48",
      "hit line 49",
      "hit line 50",
      "hit line 57",
      "hit line 58",
      "hit line 59",
      "hit line 62",
      "hit line 63",
      "hit line 64",
      "hit line 65",
      "hit line 66",
      "hit line 67",
      "cover branch at line 46 with 2 outcomes",
      "cover branch at line 63 with 2 outcomes"
    ]
  },
  {
    "file": "/content/money-transfer-project-template-python/banking_service.py",
    "target_lines": [
      170,
      171,
      193
    ],
    "branch_targets": [],
    "input_constraints": [
      "hit line 170",
      "hit line 171",
      "hit line 193"
    ]
  },
  {
    "file": "/content/money-transfer-project-template-python/run_worker.py",
    "target_lines": [
      2,
      4,
      5,
      7,
      8,
      9,
      12,
      13,
      15,
      16,
      22,
      25,
      26
    ],
    "branch_targets": [
      {
        "line": "25",
        "total_outcomes": 2,
        "covered": 0
      }
    ],
    "input_constraints": [
      "hit line 2",
      "hit line 4",
      "hit line 5",
      "hit line 7",
      "hit line 8",
      "hit line 9",
      "hit line 12",
      "hit line 13",
      "hit line 15",
      "hit line 16",
      "hit line 22",
      "hit line 25",
      "hit line 26",
      "cover branch at line 25 with 2 outcomes"
    ]
  },
  {
    "file": "/content/money-transfer-project-template-python/run_workflow.py",
    "target_lines": [
      2,
      3,
      5,
      7,
      8,
      11,
      13,
      15,
      22,
      23,
      30,
      32,
      33,
      36,
      37
    ],
    "branch_targets": [
      {
        "line": "36",
        "total_outcomes": 2,
        "covered": 0
      }
    ],
    "input_constraints": [
      "hit line 2",
      "hit line 3",
      "hit line 5",
      "hit line 7",
      "hit line 8",
      "hit line 11",
      "hit line 13",
      "hit line 15",
      "hit line 22",
      "hit line 23",
      "hit line 30",
      "hit line 32",
      "hit line 33",
      "hit line 36",
      "hit line 37",
      "cover branch at line 36 with 2 outcomes"
    ]
  },
  {
    "file": "/content/money-transfer-project-template-python/workflows.py",
    "target_lines": [
      42,
      44,
      46,
      47,
      53,
      56,
      57,
      58,
      61
    ],
    "branch_targets": [],
    "input_constraints": [
      "hit line 42",
      "hit line 44",
      "hit line 46",
      "hit line 47",
      "hit line 53",
      "hit line 56",
      "hit line 57",
      "hit line 58",
      "hit line 61"
    ]
  }
]