{
  "filename": "test_gen_goal_4_run_workflow.py",
  "tests": [
    {
      "name": "test_run_workflow_positive",
      "code": "import pytest\nimport importlib\n\ndef test_run_workflow_positive(monkeypatch):\n    module = importlib.import_module('.content.money-transfer-project-template-python.run_workflow')\n    run_workflow = getattr(module, 'run_workflow', None)\n\n    # Arrange: Mock external dependencies expected in run_workflow\n    def mock_dependency_function():\n        return 'expected_result'\n\n    monkeypatch.setattr(module, 'dependency_function_name', mock_dependency_function)\n\n    # Act\n    result = run_workflow(param1='condition_to_hit_branch_1')\n\n    # Assert\n    assert result == 'expected_result', 'Expected result was not returned'\n"
    },
    {
      "name": "test_run_workflow_negative",
      "code": "import pytest\nimport importlib\n\ndef test_run_workflow_negative(monkeypatch):\n    module = importlib.import_module('.content.money-transfer-project-template-python.run_workflow')\n    run_workflow = getattr(module, 'run_workflow', None)\n\n    # Arrange: Mock external dependencies expected in run_workflow\n    def mock_dependency_function():\n        return 'alternative_result'\n\n    monkeypatch.setattr(module, 'dependency_function_name', mock_dependency_function)\n\n    # Act\n    result = run_workflow(param1='condition_to_hit_branch_2')\n\n    # Assert\n    assert result == 'alternative_result', 'Alternative result was not returned'\n"
    }
  ]
}