{
  "decision": {
    "gid": "0003",
    "file": "test_gen_0003_activities_refund_2.py",
    "base_score": {
      "hit_targets": 0,
      "branch_cov": 0,
      "exec_cnt": 0
    },
    "cand_score": {
      "hit_targets": 0,
      "branch_cov": 0,
      "exec_cnt": 0
    },
    "base_rc": 2,
    "cand_rc": 2,
    "accepted": false
  },
  "cand_metrics_head": "{'rc': 2, 'timed_out': False, 'out': '\\n==================================== ERRORS ====================================\\n_ ERROR collecting run_artifacts/run1/refine_round2/_staging/__stage__test_gen_0003_activities_refund_2.py _\\n/usr/local/lib/python3.12/dist-packages/_pytest/python.py:617: in _importtestmodule\\n    mod = import_path(self.path, mode=importmode, root=self.config.rootpath)\\n/usr/local/lib/python3.12/dist-packages/_pytest/pathlib.py:567: in import_path\\n    importlib.import_modu"
}