{
  "orig": {
    "lines": {
      "executed": 102,
      "missing": 54,
      "total": 156,
      "line_cov": 65.38
    },
    "branches": {
      "covered": 32,
      "total": 40,
      "branch_cov": 80.0
    },
    "goals": {
      "reached": 0,
      "total": 10,
      "goal_rate": 0.0
    }
  },
  "final": {
    "lines": {
      "executed": 146,
      "missing": 47,
      "total": 193,
      "line_cov": 75.65
    },
    "branches": {
      "covered": 55,
      "total": 62,
      "branch_cov": 88.71
    },
    "goals": {
      "reached": 1,
      "total": 10,
      "goal_rate": 10.0
    }
  },
  "delta": {
    "line_cov_delta": 10.27,
    "branch_cov_delta": 8.71,
    "goal_rate_delta": 10.0
  }
}