[
  {
    "id": "0001",
    "file": "activities.py",
    "function": {
      "name": "refund",
      "lineno": 56
    },
    "components": {
      "branches": [
        {
          "line": 58
        }
      ],
      "def_uses": [
        {
          "var": "confirmation",
          "def_line": 59,
          "use_line": 62
        }
      ],
      "exceptions": [
        {
          "kind": "except",
          "line": 63,
          "exception_type": "InvalidAccountError"
        }
      ]
    },
    "target_lines": [
      58,
      59,
      62,
      63
    ],
    "hints": {
      "need_two_sides_for_half_hit": false,
      "needs_mock": true,
      "mock_plan": [
        "temporal_generic"
      ],
      "exception_hint": [
        {
          "kind": "except",
          "line": 63,
          "exception_type": "InvalidAccountError"
        }
      ]
    },
    "coverage_gain": 5.0,
    "generation_cost": 6.4,
    "score": 0.78125,
    "context_size": 9
  },
  {
    "id": "0002",
    "file": "run_workflow.py",
    "function": {
      "name": "main",
      "lineno": 11
    },
    "components": {
      "branches": [
        {
          "line": 22
        }
      ],
      "def_uses": [
        {
          "var": "result",
          "def_line": 23,
          "use_line": 30
        }
      ],
      "exceptions": [
        {
          "kind": "try",
          "line": 22
        }
      ]
    },
    "target_lines": [
      22,
      23,
      30
    ],
    "hints": {
      "need_two_sides_for_half_hit": false,
      "needs_mock": true,
      "mock_plan": [
        "temporal_client"
      ],
      "exception_hint": [
        {
          "kind": "try",
          "line": 22
        }
      ]
    },
    "coverage_gain": 4.0,
    "generation_cost": 6.2,
    "score": 0.645161,
    "context_size": 9
  },
  {
    "id": "0003",
    "file": "banking_service.py",
    "function": {
      "name": "deposit",
      "lineno": 153
    },
    "components": {
      "branches": [
        {
          "line": 170
        }
      ],
      "def_uses": [],
      "exceptions": [
        {
          "kind": "raise",
          "line": 171
        }
      ]
    },
    "target_lines": [
      170,
      171
    ],
    "hints": {
      "need_two_sides_for_half_hit": false,
      "needs_mock": false,
      "mock_plan": [],
      "exception_hint": [
        {
          "kind": "raise",
          "line": 171
        }
      ]
    },
    "coverage_gain": 2.75,
    "generation_cost": 3.0,
    "score": 0.916667,
    "context_size": 4
  },
  {
    "id": "0004",
    "file": "activities.py",
    "function": {
      "name": "deposit",
      "lineno": 31
    },
    "components": {
      "branches": [
        {
          "line": 46
        }
      ],
      "def_uses": [],
      "exceptions": [
        {
          "kind": "raise",
          "line": 47
        }
      ]
    },
    "target_lines": [
      46,
      47
    ],
    "hints": {
      "need_two_sides_for_half_hit": false,
      "needs_mock": true,
      "mock_plan": [
        "temporal_generic"
      ],
      "exception_hint": [
        {
          "kind": "raise",
          "line": 47
        }
      ]
    },
    "coverage_gain": 2.75,
    "generation_cost": 6.0,
    "score": 0.458333,
    "context_size": 9
  },
  {
    "id": "0005",
    "file": "activities.py",
    "function": {
      "name": "deposit",
      "lineno": 31
    },
    "components": {
      "branches": [
        {
          "line": 48
        }
      ],
      "def_uses": [],
      "exceptions": [
        {
          "kind": "raise",
          "line": 50
        }
      ]
    },
    "target_lines": [
      48,
      50
    ],
    "hints": {
      "need_two_sides_for_half_hit": false,
      "needs_mock": true,
      "mock_plan": [
        "temporal_generic"
      ],
      "exception_hint": [
        {
          "kind": "raise",
          "line": 50
        }
      ]
    },
    "coverage_gain": 2.75,
    "generation_cost": 6.0,
    "score": 0.458333,
    "context_size": 9
  },
  {
    "id": "0006",
    "file": "activities.py",
    "function": {
      "name": "refund",
      "lineno": 56
    },
    "components": {
      "branches": [
        {
          "line": 65
        }
      ],
      "def_uses": [],
      "exceptions": [
        {
          "kind": "raise",
          "line": 64
        }
      ]
    },
    "target_lines": [
      64,
      65
    ],
    "hints": {
      "need_two_sides_for_half_hit": false,
      "needs_mock": true,
      "mock_plan": [
        "temporal_generic"
      ],
      "exception_hint": [
        {
          "kind": "raise",
          "line": 64
        }
      ]
    },
    "coverage_gain": 2.75,
    "generation_cost": 6.0,
    "score": 0.458333,
    "context_size": 9
  },
  {
    "id": "0007",
    "file": "run_workflow.py",
    "function": {
      "name": "main",
      "lineno": 11
    },
    "components": {
      "branches": [
        {
          "line": 32
        }
      ],
      "def_uses": [],
      "exceptions": [
        {
          "kind": "except",
          "line": 32,
          "exception_type": "WorkflowFailureError"
        }
      ]
    },
    "target_lines": [
      32
    ],
    "hints": {
      "need_two_sides_for_half_hit": false,
      "needs_mock": true,
      "mock_plan": [
        "temporal_client"
      ],
      "exception_hint": [
        {
          "kind": "except",
          "line": 32,
          "exception_type": "WorkflowFailureError"
        }
      ]
    },
    "coverage_gain": 1.75,
    "generation_cost": 5.8,
    "score": 0.301724,
    "context_size": 9
  },
  {
    "id": "0008",
    "file": "run_worker.py",
    "function": {
      "name": "<module>",
      "lineno": 1
    },
    "components": {
      "branches": [
        {
          "line": 25
        }
      ],
      "def_uses": [],
      "exceptions": []
    },
    "target_lines": [
      25
    ],
    "hints": {
      "need_two_sides_for_half_hit": false,
      "needs_mock": false,
      "mock_plan": [],
      "exception_hint": []
    },
    "coverage_gain": 1.45,
    "generation_cost": 1.6,
    "score": 0.90625,
    "context_size": 2
  },
  {
    "id": "0009",
    "file": "run_workflow.py",
    "function": {
      "name": "<module>",
      "lineno": 1
    },
    "components": {
      "branches": [
        {
          "line": 36
        }
      ],
      "def_uses": [],
      "exceptions": []
    },
    "target_lines": [
      36
    ],
    "hints": {
      "need_two_sides_for_half_hit": false,
      "needs_mock": false,
      "mock_plan": [],
      "exception_hint": []
    },
    "coverage_gain": 1.45,
    "generation_cost": 1.6,
    "score": 0.90625,
    "context_size": 2
  },
  {
    "id": "0010",
    "file": "banking_service.py",
    "function": {
      "name": "deposit_that_fails",
      "lineno": 175
    },
    "components": {
      "branches": [],
      "def_uses": [],
      "exceptions": [
        {
          "kind": "raise",
          "line": 193,
          "expr": "ValueError('This deposit has failed.')",
          "exception_type": "ValueError",
          "message_contains": "This deposit has failed."
        }
      ]
    },
    "target_lines": [
      193
    ],
    "hints": {
      "need_two_sides_for_half_hit": false,
      "needs_mock": false,
      "mock_plan": [],
      "exception_hint": [
        {
          "kind": "raise",
          "line": 193,
          "expr": "ValueError('This deposit has failed.')",
          "exception_type": "ValueError",
          "message_contains": "This deposit has failed."
        }
      ]
    },
    "coverage_gain": 1.3,
    "generation_cost": 2.2,
    "score": 0.590909,
    "context_size": 3
  }
]