{
  "filename": "test_gen_0001_activities_refund.py",
  "tests": [
    {
      "name": "test_refund_branch_line_58_true",
      "code": "import pytest\nimport importlib\n\nmodule_name = 'activities'\nfunc_name = 'refund'\n\nactivities = importlib.import_module(module_name)\nrefund_func = getattr(activities, func_name, None)\n\n@pytest.mark.asyncio\nasync def test_refund_branch_line_58_true():\n    if refund_func is None:\n        pytest.skip(f'Missing function {func_name}')\n    \n    account = {'is_valid': True}\n    amount = 100\n\n    confirmation = await refund_func(account, amount)\n    \n    assert confirmation is not None\n    assert confirmation['success'] is True\n"
    },
    {
      "name": "test_refund_branch_line_58_false_invalid_account_error",
      "code": "import pytest\nimport importlib\n\nmodule_name = 'activities'\nfunc_name = 'refund'\n\nactivities = importlib.import_module(module_name)\nrefund_func = getattr(activities, func_name, None)\n\nclass InvalidAccountError(Exception):\n    pass\n\n@pytest.mark.asyncio\nasync def test_refund_branch_line_58_false_invalid_account_error():\n    if refund_func is None:\n        pytest.skip(f'Missing function {func_name}')\n\n    account = {'is_valid': False}\n    amount = 100\n\n    with pytest.raises(InvalidAccountError, match='Invalid account provided'): \n        await refund_func(account, amount)\n"
    }
  ]
}