[
  {
    "id": "0001",
    "file": "activities.py",
    "function": {
      "name": "refund",
      "lineno": 56
    },
    "components": {
      "branches": [
        {
          "line": 58
        }
      ],
      "def_uses": [
        {
          "var": "confirmation",
          "def_line": 59,
          "use_line": 62
        }
      ],
      "exceptions": [
        {
          "kind": "except",
          "line": 63,
          "exception_type": "InvalidAccountError"
        }
      ]
    },
    "target_lines": [
      58,
      59,
      62,
      63
    ],
    "coverage_gain": 5.0,
    "generation_cost": 6.4,
    "score": 3.540541,
    "context_size": 9,
    "input_constraints": []
  },
  {
    "id": "0002",
    "file": "activities.py",
    "function": {
      "name": "refund",
      "lineno": 56
    },
    "components": {
      "branches": [
        {
          "line": 65
        }
      ],
      "def_uses": [
        {
          "var": "confirmation",
          "def_line": 59,
          "use_line": 62
        }
      ],
      "exceptions": [
        {
          "kind": "raise",
          "line": 64
        }
      ]
    },
    "target_lines": [
      59,
      62,
      64,
      65
    ],
    "coverage_gain": 5.0,
    "generation_cost": 6.4,
    "score": 3.540541,
    "context_size": 9,
    "input_constraints": []
  },
  {
    "id": "0003",
    "file": "activities.py",
    "function": {
      "name": "refund",
      "lineno": 56
    },
    "components": {
      "branches": [
        {
          "line": 58
        }
      ],
      "def_uses": [
        {
          "var": "confirmation",
          "def_line": 59,
          "use_line": 62
        }
      ],
      "exceptions": [
        {
          "kind": "try",
          "line": 58
        }
      ]
    },
    "target_lines": [
      58,
      59,
      62
    ],
    "coverage_gain": 4.0,
    "generation_cost": 6.2,
    "score": 2.841667,
    "context_size": 9,
    "input_constraints": []
  },
  {
    "id": "0004",
    "file": "run_workflow.py",
    "function": {
      "name": "main",
      "lineno": 11
    },
    "components": {
      "branches": [
        {
          "line": 22
        }
      ],
      "def_uses": [
        {
          "var": "result",
          "def_line": 23,
          "use_line": 30
        }
      ],
      "exceptions": [
        {
          "kind": "try",
          "line": 22
        }
      ]
    },
    "target_lines": [
      22,
      23,
      30
    ],
    "coverage_gain": 4.0,
    "generation_cost": 6.2,
    "score": 2.841667,
    "context_size": 9,
    "input_constraints": []
  },
  {
    "id": "0005",
    "file": "activities.py",
    "function": {
      "name": "refund",
      "lineno": 56
    },
    "components": {
      "branches": [
        {
          "line": 58
        }
      ],
      "def_uses": [
        {
          "var": "confirmation",
          "def_line": 59,
          "use_line": 62
        }
      ],
      "exceptions": []
    },
    "target_lines": [
      58,
      59,
      62
    ],
    "coverage_gain": 3.7,
    "generation_cost": 6.2,
    "score": 2.631667,
    "context_size": 9,
    "input_constraints": []
  },
  {
    "id": "0006",
    "file": "run_workflow.py",
    "function": {
      "name": "main",
      "lineno": 11
    },
    "components": {
      "branches": [
        {
          "line": 22
        }
      ],
      "def_uses": [
        {
          "var": "result",
          "def_line": 23,
          "use_line": 30
        }
      ],
      "exceptions": []
    },
    "target_lines": [
      22,
      23,
      30
    ],
    "coverage_gain": 3.7,
    "generation_cost": 6.2,
    "score": 2.631667,
    "context_size": 9,
    "input_constraints": []
  },
  {
    "id": "0007",
    "file": "banking_service.py",
    "function": {
      "name": "deposit",
      "lineno": 153
    },
    "components": {
      "branches": [
        {
          "line": 170
        }
      ],
      "def_uses": [],
      "exceptions": [
        {
          "kind": "raise",
          "line": 171
        }
      ]
    },
    "target_lines": [
      170,
      171
    ],
    "coverage_gain": 2.75,
    "generation_cost": 3.0,
    "score": 2.0,
    "context_size": 4,
    "input_constraints": []
  },
  {
    "id": "0008",
    "file": "activities.py",
    "function": {
      "name": "deposit",
      "lineno": 31
    },
    "components": {
      "branches": [
        {
          "line": 46
        }
      ],
      "def_uses": [],
      "exceptions": [
        {
          "kind": "raise",
          "line": 47
        }
      ]
    },
    "target_lines": [
      46,
      47
    ],
    "coverage_gain": 2.75,
    "generation_cost": 6.0,
    "score": 1.967857,
    "context_size": 9,
    "input_constraints": []
  }
]