{
  "decision": {
    "gid": "0003",
    "file": "test_0003_test_gen_0003_banking_service_deposit_py_2.py",
    "base_score": {
      "hit_targets": 0,
      "branch_cov": 0,
      "exec_cnt": 0
    },
    "cand_score": {
      "hit_targets": 0,
      "branch_cov": 0,
      "exec_cnt": 0
    },
    "base_rc": 2,
    "cand_rc": 2,
    "accepted": false
  },
  "cand_metrics_head": "{'rc': 2, 'timed_out': False, 'out': \"\\n==================================== ERRORS ====================================\\n_ ERROR collecting run_artifacts/run1/refine_round3/_staging/__stage__test_0003_test_gen_0003_banking_service_deposit_py_2.py _\\nUsing pytest.skip outside of a test will skip the entire module. If that's your intention, pass `allow_module_level=True`. If you want to skip a specific test or an entire class, use the @pytest.mark.skip or @pytest.mark.skipif decorators.\\n========"
}