{
  "filename": "test_gen_0004_run_workflow_main.py",
  "tests": [
    {
      "name": "test_main_branch_22_exception",
      "code": "import pytest\nimport importlib\n\nmodule = importlib.import_module('run_workflow')\n\n@pytest.mark.asyncio\nasync def test_main_branch_22_exception(monkeypatch):\n    if not hasattr(module, 'main'):\n        pytest.skip('Function main not found in module')\n\n    async def mock_function(*args, **kwargs):\n        raise Exception('Mock exception for testing')\n\n    monkeypatch.setattr('temporalio.client.Client', mock_function)\n\n    with pytest.raises(Exception, match='Mock exception for testing'):\n        await module.main()"
    },
    {
      "name": "test_main_def_use_result_23_30",
      "code": "import pytest\nimport importlib\n\nmodule = importlib.import_module('run_workflow')\n\n@pytest.mark.asyncio\nasync def test_main_def_use_result_23_30(monkeypatch):\n    if not hasattr(module, 'main'):\n        pytest.skip('Function main not found in module')\n\n    class MockClient:\n        async def execute_workflow(self, *args, **kwargs):\n            return 'success'\n\n    monkeypatch.setattr('temporalio.client.Client', MockClient)\n\n    result = await module.main()\n    assert result == 'success', f'Expected result to be success but got {result}'"
    }
  ]
}