{
  "filename": "test_gen_0003_activities_refund.py",
  "tests": [
    {
      "name": "test_refund_successful_path_lines_58_62",
      "code": "import pytest\nimport importlib\n\n\ndef test_refund_successful_path_lines_58_62(monkeypatch):\n    activities = importlib.import_module('activities')\n    refund = getattr(activities, 'refund', None)\n    if refund is None:\n        pytest.skip('refund not implemented yet')\n\n    # Mock any needed I/O, network or environment variables\n    monkeypatch.setattr('builtins.print', lambda *args, **kwargs: None)\n\n    # Use input that would pass the first branch without exception\n    transaction_id = 'txn_12345'\n    amount = 100.0\n\n    confirmation = refund(transaction_id, amount)\n    assert confirmation == 'Refund processed successfully'\n"
    },
    {
      "name": "test_refund_raises_exception_line_58",
      "code": "import pytest\nimport importlib\n\n\ndef test_refund_raises_exception_line_58(monkeypatch):\n    activities = importlib.import_module('activities')\n    refund = getattr(activities, 'refund', None)\n    if refund is None:\n        pytest.skip('refund not implemented yet')\n\n    # Mock any needed I/O, network or environment variables\n    monkeypatch.setattr('builtins.print', lambda *args, **kwargs: None)\n\n    # Use input that would raise an exception e.g., invalid transaction\n    transaction_id = 'invalid_txn'\n    amount = -1.0\n\n    with pytest.raises(ValueError, match='Invalid refund request'):\n        refund(transaction_id, amount)\n"
    }
  ]
}