{
  "filename": "test_gen_0001_activities_refund.py",
  "tests": [
    {
      "name": "test_refund_branch_line_58",
      "code": "import importlib\nimport pytest\n\nactivities = importlib.import_module('activities')\n\n@pytest.mark.asyncio\nasync def test_refund_branch_line_58():\n    refund = getattr(activities, 'refund', None)\n    if refund is None:\n        pytest.skip('refund function not available')\n    \n    account = 'valid_account'\n    amount = 100  # Ensure positive amount to hit branch\n    \n    confirmation = await refund(account, amount)\n    \n    assert confirmation is not None\n    assert 'confirmed' in confirmation"
    },
    {
      "name": "test_refund_exception_line_63",
      "code": "import importlib\nimport pytest\n\nactivities = importlib.import_module('activities')\n\n@pytest.mark.asyncio\nasync def test_refund_exception_line_63():\n    refund = getattr(activities, 'refund', None)\n    if refund is None:\n        pytest.skip('refund function not available')\n\n    account = 'invalid_account'  # Will raise InvalidAccountError\n    amount = 100\n\n    with pytest.raises(activities.InvalidAccountError, match='Invalid account'):  \n        await refund(account, amount)"
    }
  ]
}