{
  "filename": "test_gen_0003_activities_refund.py",
  "tests": [
    {
      "name": "test_refund_line_58_true",
      "code": "import importlib\nimport pytest\n\n@pytest.mark.asyncio\ndef test_refund_line_58_true(monkeypatch):\n    activities = importlib.import_module('activities')\n    refund = getattr(activities, 'refund', None)\n    if refund is None:\n        pytest.skip('refund function not found')\n\n    async def fake_process_refund(amount):\n        return True\n\n    # Patch the process_refund simulation function to always return True\n    monkeypatch.setattr(activities, 'process_refund', fake_process_refund)\n    \n    amount = 100.0\n    confirmation = await refund(amount)\n    \n    assert confirmation is True, f'Expected confirmation to be True, got {confirmation}'"
    },
    {
      "name": "test_refund_line_58_false",
      "code": "import importlib\nimport pytest\n\n@pytest.mark.asyncio\ndef test_refund_line_58_false(monkeypatch):\n    activities = importlib.import_module('activities')\n    refund = getattr(activities, 'refund', None)\n    if refund is None:\n        pytest.skip('refund function not found')\n\n    async def fake_process_refund(amount):\n        return False\n\n    # Patch the process_refund simulation function to always return False\n    monkeypatch.setattr(activities, 'process_refund', fake_process_refund)\n    \n    amount = 100.0\n    confirmation = await refund(amount)\n    \n    assert confirmation is False, f'Expected confirmation to be False, got {confirmation}'"
    }
  ]
}