{
  "filename": "test_gen_0005_activities_refund.py",
  "tests": [
    {
      "name": "test_refund_branch_58_true_AND_def_use_59_62",
      "code": "import pytest\nimport importlib\nimport itertools\n\n# Import refund function\nmodule_name = 'activities'\nfunc_name = 'refund'\n\ntry:\n    module = importlib.import_module(module_name)\n    refund = getattr(module, func_name)\nexcept (ImportError, AttributeError):\n    pytest.skip(f\"Required function {func_name} in module {module_name} is missing.\")\n\n# Test when branch condition at line 58 is True and hitting def-use on lines 59, 62\ndef test_refund_branch_58_true_AND_def_use_59_62():\n    # Adjust the input parameters according to your refund function's signature\n    inputs = {'amount': 10, 'original_confirmed': True}\n    expected_confirmation = 'Success'\n\n    result = refund(**inputs)\n\n    # Assert that confirmation def-use sequence is respected\n    assert result == expected_confirmation\n"
    },
    {
      "name": "test_refund_branch_58_false",
      "code": "import pytest\nimport importlib\n\n# Import refund function\nmodule_name = 'activities'\nfunc_name = 'refund'\n\ntry:\n    module = importlib.import_module(module_name)\n    refund = getattr(module, func_name)\nexcept (ImportError, AttributeError):\n    pytest.skip(f\"Required function {func_name} in module {module_name} is missing.\")\n\n# Test when branch condition at line 58 is False\ndef test_refund_branch_58_false():\n    # Adjust the input parameters according to your refund function's signature\n    inputs = {'amount': 0, 'original_confirmed': False}\n    expected_confirmation = 'Failed'\n\n    result = refund(**inputs)\n\n    # Assert the expected result when branch condition at line 58 is False\n    assert result == expected_confirmation\n"
    }
  ]
}