{
  "filename": "test_gen_0005_activities_refund.py",
  "tests": [
    {
      "name": "test_refund_branch_58_true_and_assert_confirmation_use_62",
      "code": "import pytest\nimport importlib\n\nactivities = importlib.import_module('activities')\n\ndef test_refund_branch_58_true_and_assert_confirmation_use_62():\n    # Attempt to get the refund function\n    refund = getattr(activities, 'refund', None)\n    if refund is None:\n        pytest.skip('refund function not found in activities module')\n\n    # Test case where condition at line 58 is true\n    account_id = 'account123'\n    amount = 100  # Assume this amount causes line 58 branch to be true\n    \n    # Assuming refund function provides return confirmation\n    confirmation = refund(account_id, amount)\n\n    # Assert that confirmation is as expected (since we can't inspect the use without real logic details)\n    assert confirmation is not None  # Based on line 62 use of 'confirmation'\n    assert 'Confirmed' in confirmation  # Hypothetical check, modify based on real behavior of 'refund'"
    },
    {
      "name": "test_refund_branch_58_false",
      "code": "import pytest\nimport importlib\n\nactivities = importlib.import_module('activities')\n\ndef test_refund_branch_58_false():\n    # Attempt to get the refund function\n    refund = getattr(activities, 'refund', None)\n    if refund is None:\n        pytest.skip('refund function not found in activities module')\n\n    # Test case where condition at line 58 is false\n    account_id = 'account123'\n    amount = -100  # Assume this amount causes line 58 branch to be false\n\n    # Since the function signature/context is unknown, check behavior with invalid amount\n    try:\n        refund(account_id, amount)\n    except ValueError as e:  # Hypothetical exception based on context\n        # Check exception message or type if relevant\n        assert str(e) == 'Refund amount must be positive'  # Hypothetical check\n    except Exception as e:\n        pytest.fail(f\"Unexpected exception type: {type(e)}\")\n    else:\n        pytest.fail(\"Expected ValueError not raised\")"
    }
  ]
}