{
  "filename": "test_gen_0004_run_workflow_main.py",
  "tests": [
    {
      "name": "test_main_branch_line_22_or_default_not_called",
      "code": "import importlib\nimport pytest\n\ndef test_main_branch_line_22_or_default_not_called(monkeypatch):\n    try:\n        module = importlib.import_module('run_workflow')\n        main = getattr(module, 'main', None)\n        if main is None:\n            pytest.skip('main function not found in run_workflow module')\n    except ImportError:\n        pytest.skip('run_workflow module not found')\n\n    # Conditions to hit the else branch\n    def mock_do_something():\n        return 'safe operation'\n\n    monkeypatch.setattr(module, 'do_something', mock_do_something)\n\n    result = main()\n\n    assert result == 'safe operation'"
    },
    {
      "name": "test_main_exception_handling",
      "code": "import importlib\nimport pytest\n\ndef test_main_exception_handling(monkeypatch):\n    try:\n        module = importlib.import_module('run_workflow')\n        main = getattr(module, 'main', None)\n        if main is None:\n            pytest.skip('main function not found in run_workflow module')\n    except ImportError:\n        pytest.skip('run_workflow module not found')\n\n    # Mock do_something to raise an exception to trigger the exception handling in main\n    def mock_do_something_raise():\n        raise ValueError('An error occurred')\n\n    monkeypatch.setattr(module, 'do_something', mock_do_something_raise)\n\n    with pytest.raises(ValueError, match='An error occurred'):\n        main()"
    }
  ]
}