{
  "filename": "test_gen_0002_activities_refund.py",
  "tests": [
    {
      "name": "test_refund_with_positive_amount_hits_confirmation_use",
      "code": "import pytest\nimport importlib\n\nactivities = importlib.import_module('activities')\nrefund = getattr(activities, 'refund', None)\n\n@pytest.mark.asyncio\ndef test_refund_with_positive_amount_hits_confirmation_use(monkeypatch):\n    if refund is None:\n        pytest.skip('refund function is not available in activities module')\n\n    class MockTemporalClient:\n        pass\n\n    class MockWorker:\n        async def refund_mock(*args, **kwargs):\n            return 'Mock Confirmation'\n\n    monkeypatch.setattr('temporalio.client.Client', lambda *args, **kwargs: MockTemporalClient())\n    monkeypatch.setattr('temporalio.worker.Worker', lambda *args, **kwargs: MockWorker())\n\n    result = await refund(amount=10)\n    assert result == 'Mock Confirmation'"
    },
    {
      "name": "test_refund_with_zero_amount_raises_exception",
      "code": "import pytest\nimport importlib\n\nactivities = importlib.import_module('activities')\nrefund = getattr(activities, 'refund', None)\n\n@pytest.mark.asyncio\ndef test_refund_with_zero_amount_raises_exception(monkeypatch):\n    if refund is None:\n        pytest.skip('refund function is not available in activities module')\n\n    class MockTemporalClient:\n        pass\n\n    class MockWorker:\n        async def refund_mock(*args, **kwargs):\n            raise ValueError('Amount must be greater than zero')\n\n    monkeypatch.setattr('temporalio.client.Client', lambda *args, **kwargs: MockTemporalClient())\n    monkeypatch.setattr('temporalio.worker.Worker', lambda *args, **kwargs: MockWorker())\n\n    with pytest.raises(ValueError, match='Amount must be greater than zero'):\n        await refund(amount=0)"
    }
  ]
}