{ "filename": "test_gen_0002_activities_refund.py", "tests": [ { "name": "test_refund_def_use_and_branch_line_65", "code": "import importlib\nimport pytest\n\nactivities = importlib.import_module('activities')\n\n@pytest.mark.asyncio\nasync def test_refund_def_use_and_branch_line_65(monkeypatch):\n    \n    async def mock_refund_logic(*args, **kwargs):\n        return 'mock_confirmation'\n\n    monkeypatch.setattr(activities, 'refund_logic', mock_refund_logic)\n\n    result = await activities.refund(amount=100)\n\n    assert result == 'mock_confirmation'" }, { "name": "test_refund_exception_line_64", "code": "import importlib\nimport pytest\n\nactivities = importlib.import_module('activities')\n\n@pytest.mark.asyncio\nasync def test_refund_exception_line_64():\n    \n    with pytest.raises(ValueError, match='Invalid amount: amount must be positive'):\n        await activities.refund(amount=-10)" } ] }