{
  "filename": "test_gen_0001_activities_refund.py",
  "tests": [
    {
      "name": "test_refund_branch_line_58",
      "code": "import importlib\nimport pytest\n\nactivities = importlib.import_module('activities')\n\n@pytest.mark.asyncio\nafterdef test_refund_branch_line_58():\n    refund = getattr(activities, 'refund', None)\n    if refund is None:\n        pytest.skip('refund function is not available in activities')\n\n    # Assume there's a minimum input that hits the first branch on line 58\n    account_id = \"valid_account_id\"\n    amount = 100  # Assuming this is a valid positive amount\n    transaction_id = \"valid_transaction_id\"\n\n    # Async call to refund function\n    confirmation = await refund(account_id, amount, transaction_id)\n\n    # Assert that confirmation is successful.\n    assert confirmation is not None\n    assert confirmation['status'] == 'success'"
    },
    {
      "name": "test_refund_exception_line_63",
      "code": "import importlib\nimport pytest\n\nactivities = importlib.import_module('activities')\n\n@pytest.mark.asyncio\nafterdef test_refund_exception_line_63():\n    refund = getattr(activities, 'refund', None)\n    if refund is None:\n        pytest.skip('refund function is not available in activities')\n\n    # Assume such inputs trigger an InvalidAccountError\n    invalid_account_id = \"invalid_account_id\"\n    amount = 100\n    transaction_id = \"invalid_transaction_id\"\n\n    # Expecting an exception\n    with pytest.raises(activities.InvalidAccountError, match='Invalid account ID'): \n        await refund(invalid_account_id, amount, transaction_id)"
    }
  ]
}