[
  {
    "id": "0001",
    "file": "activities.py",
    "function": {
      "name": "refund",
      "lineno": 56
    },
    "components": {
      "branches": [
        {
          "line": 58
        }
      ],
      "def_uses": [
        {
          "var": "confirmation",
          "def_line": 59,
          "use_line": 62
        }
      ],
      "exceptions": [
        {
          "kind": "except",
          "line": 63,
          "exception_type": "InvalidAccountError"
        }
      ]
    },
    "target_lines": [
      58,
      59,
      62,
      63
    ],
    "coverage_gain": 5.0,
    "generation_cost": 6.4,
    "score": 3.540541,
    "context_size": 9
  }
]