{
  "total_tests": 3,
  "retained": 1,
  "removed": 2,
  "retained_tests": [
    {
      "name": "tests/test_run_worker.py::test_money_transfer",
      "success": true
    }
  ],
  "removed_tests": [
    {
      "name": "tests/test_run_worker.py::test_money_transfer_withdraw_insufficient_funds",
      "success": true
    },
    {
      "name": "tests/test_run_worker.py::test_money_transfer_withdraw_invalid_account",
      "success": true
    }
  ],
  "baseline_lines": 102,
  "final_covered_lines": 102,
  "incremental_gain_lines": 0,
  "threshold_min_gain": 1
}