{
  "filename": "test_gen_0003_activities_refund.py",
  "tests": [
    {
      "name": "test_refund_exception_handling_line_58",
      "code": "import pytest\nimport importlib\n\nmod = importlib.import_module('activities')\nrefund = getattr(mod, 'refund', None)\n\n@pytest.mark.asyncio\ndata = {'amount': -10, 'transaction_id': 'invalid-id'}\nasync def test_refund_exception_handling_line_58():\n    if refund is None:\n        pytest.skip('refund not available')\n\n    with pytest.raises(ValueError, match='Amount must be positive'):  # Assuming this exception\n        await refund(data)"
    },
    {
      "name": "test_refund_def_use_confirmation_line_59_62",
      "code": "import pytest\nimport importlib\n\nmod = importlib.import_module('activities')\nrefund = getattr(mod, 'refund', None)\n\n@pytest.mark.asyncio\ndata = {'amount': 50, 'transaction_id': 'valid-id'}\nasync def test_refund_def_use_confirmation_line_59_62():\n    if refund is None:\n        pytest.skip('refund not available')\n\n    confirmation = await refund(data)\n    assert confirmation['status'] == 'success', 'Refund should be successful'\n    assert confirmation['amount'] == 50, 'Refunded amount should match the requested amount'\n"
    }
  ]
}