{
  "filename": "test_gen_0002_activities_refund.py",
  "tests": [
    {
      "name": "test_refund_successful_confirmation_return",
      "code": "import pytest\nimport importlib\n\n# Importing the function using importlib\nactivities = importlib.import_module('activities')\nrefund = getattr(activities, 'refund', None)\n\n@pytest.mark.skipif(refund is None, reason='refund function not available')\ndef test_refund_successful_confirmation_return():\n    # Test for successful refund scenario\n    refund_id = 'ref123'\n    amount = 100.0\n    confirmation = refund(refund_id, amount)\n\n    # Assert the confirmation is as expected\n    assert confirmation == f'Refund {refund_id} of amount {amount} confirmed'\n"
    },
    {
      "name": "test_refund_raises_exception",
      "code": "import pytest\nimport importlib\n\n# Importing the function using importlib\nactivities = importlib.import_module('activities')\nrefund = getattr(activities, 'refund', None)\n\n@pytest.mark.skipif(refund is None, reason='refund function not available')\ndef test_refund_raises_exception():\n    # Test to hit exception scenario\n    refund_id = 'ref123'\n    amount = -50.0  # Negative amount to trigger exception\n    \n    # Assert that exception is raised with the right message\n    with pytest.raises(ValueError, match='Amount must be positive'):  # Assuming exception message\n        refund(refund_id, amount)\n"
    }
  ]
}