{
  "filename": "test_gen_0001_activities_refund.py",
  "tests": [
    {
      "name": "test_refund_line_58_true",
      "code": "import importlib\nimport pytest\n\nactivities = importlib.import_module('activities')\n\ndef test_refund_line_58_true(monkeypatch):\n    refund = getattr(activities, 'refund', None)\n    if refund is None:\n        pytest.skip('refund function not found')\n    \n    def mock_process_refund(account_id, amount):\n        return True\n    \n    monkeypatch.setattr(activities, 'process_refund', mock_process_refund)\n    \n    confirmation = refund('valid_account', 100)\n    assert confirmation == 'Refund successful'\n"
    },
    {
      "name": "test_refund_line_58_false_exception",
      "code": "import importlib\nimport pytest\n\nactivities = importlib.import_module('activities')\n\nclass InvalidAccountError(Exception):\n    pass\n\ndef test_refund_line_58_false_exception(monkeypatch):\n    refund = getattr(activities, 'refund', None)\n    if refund is None:\n        pytest.skip('refund function not found')\n    \n    def mock_process_refund(account_id, amount):\n        raise InvalidAccountError('Invalid account')\n\n    monkeypatch.setattr(activities, 'process_refund', mock_process_refund)\n    \n    with pytest.raises(InvalidAccountError, match='Invalid account'):\n        refund('invalid_account', 100)\n"
    }
  ]
}