{
  "filename": "test_gen_0006_run_workflow_main.py",
  "tests": [
    {
      "name": "test_main_branch_true",
      "code": "import pytest\nimport importlib\nfrom unittest.mock import patch\n\nmodule = importlib.import_module('run_workflow')\n\n@patch('temporalio.client.Client')\n@patch('temporalio.workflow.Workflow')\ndef test_main_branch_true(mock_client, mock_workflow):\n    # Mock the Temporal client and workflow\n    mock_client.return_value.__aenter__.return_value = mock_client\n    mock_workflow.return_value.execute = lambda amount: amount > 0\n\n    with patch('builtins.input', return_value='10'):\n        result = module.main()\n        assert result is True  # Verify result when 'amount > 0' branch is taken"
    },
    {
      "name": "test_main_branch_false",
      "code": "import pytest\nimport importlib\nfrom unittest.mock import patch\n\nmodule = importlib.import_module('run_workflow')\n\n@patch('temporalio.client.Client')\n@patch('temporalio.workflow.Workflow')\ndef test_main_branch_false(mock_client, mock_workflow):\n    # Mock the Temporal client and workflow\n    mock_client.return_value.__aenter__.return_value = mock_client\n    mock_workflow.return_value.execute = lambda amount: amount <= 0\n\n    with patch('builtins.input', return_value='0'):\n        result = module.main()\n        assert result is False  # Verify result when 'amount <= 0' branch is taken"
    }
  ]
}