{
  "filename": "test_gen_0004_run_workflow_main.py",
  "tests": [
    {
      "name": "test_main_try_branch",
      "code": "import pytest\nimport importlib\n\ntry:\n    module = importlib.import_module('run_workflow')\n    main_function = getattr(module, 'main')\nexcept (ModuleNotFoundError, AttributeError):\n    pytest.skip('run_workflow module or main function not available')\n\n@pytest.mark.asyncio\nasync def test_main_try_branch(monkeypatch):\n    def mock_client(*args, **kwargs):\n        class MockClient:\n            async def execute(self, *args, **kwargs):\n                return 'mock_result'\n        return MockClient()\n\n    monkeypatch.setattr('temporalio.client.Client', mock_client)\n\n    result = await main_function()\n    assert result == 'mock_result'"
    },
    {
      "name": "test_main_exception_handling",
      "code": "import pytest\nimport importlib\n\ntry:\n    module = importlib.import_module('run_workflow')\n    main_function = getattr(module, 'main')\nexcept (ModuleNotFoundError, AttributeError):\n    pytest.skip('run_workflow module or main function not available')\n\n@pytest.mark.asyncio\nasync def test_main_exception_handling(monkeypatch):\n    def mock_client(*args, **kwargs):\n        class MockClient:\n            async def execute(self, *args, **kwargs):\n                raise Exception('Mock execution failure')\n        return MockClient()\n\n    monkeypatch.setattr('temporalio.client.Client', mock_client)\n\n    with pytest.raises(Exception, match='Mock execution failure'):\n        await main_function()"
    }
  ]
}