{
  "filename": "test_gen_0005_activities_refund.py",
  "tests": [
    {
      "name": "test_refund_branch_line_58_true",
      "code": "import pytest\nimport importlib\n\n@pytest.mark.parametrize(\"amount, expected_confirmation\", [(100, 'Confirmed')])\ndef test_refund_branch_line_58_true(monkeypatch, amount, expected_confirmation):\n    module = importlib.import_module('activities')\n    refund = getattr(module, 'refund', None)\n    if refund is None:\n        pytest.skip('refund function not found')\n\n    original_function = getattr(refund, '__wrapped__', refund)\n\n    def mock_refund(account_id, amount):\n        return 'Confirmed'\n\n    monkeypatch.setattr(original_function, 'refund', mock_refund)\n    confirmation = refund('account_id', amount)\n    assert confirmation == expected_confirmation"
    },
    {
      "name": "test_refund_branch_line_58_false",
      "code": "import pytest\nimport importlib\n\n@pytest.mark.parametrize(\"amount, expected_confirmation\", [(0, 'Failed')])\ndef test_refund_branch_line_58_false(monkeypatch, amount, expected_confirmation):\n    module = importlib.import_module('activities')\n    refund = getattr(module, 'refund', None)\n    if refund is None:\n        pytest.skip('refund function not found')\n\n    original_function = getattr(refund, '__wrapped__', refund)\n\n    def mock_refund(account_id, amount):\n        return 'Failed'\n\n    monkeypatch.setattr(original_function, 'refund', mock_refund)\n    confirmation = refund('account_id', amount)\n    assert confirmation == expected_confirmation"
    }
  ]
}