{
  "filename": "test_gen_0007_banking_service_deposit.py",
  "tests": [
    {
      "name": "test_deposit_with_positive_amount_hits_line_170",
      "code": "import pytest\nimport importlib\n\nmodule_name = 'banking_service'\nfunction_name = 'deposit'\n\ndef test_deposit_with_positive_amount_hits_line_170(monkeypatch):\n    banking_service = importlib.import_module(module_name)\n    if not hasattr(banking_service, function_name):\n        pytest.skip(f'{function_name} not found in {module_name}')\n\n    deposit = getattr(banking_service, function_name)\n\n    # Mock any external dependencies or IO here if needed\n    mock_account = {'balance': 100}\n    amount = 50\n\n    result = deposit(mock_account, amount)\n    expected_balance = 150  # assuming deposit function adds amount to balance\n\n    assert result == expected_balance, \"Expected the balance to be updated to 150\"\n    assert mock_account['balance'] == expected_balance, \"The account balance should now reflect the deposit.\""
    },
    {
      "name": "test_deposit_raises_exception_for_non_positive_amount_line_171",
      "code": "import pytest\nimport importlib\n\nmodule_name = 'banking_service'\nfunction_name = 'deposit'\n\ndef test_deposit_raises_exception_for_non_positive_amount_line_171():\n    banking_service = importlib.import_module(module_name)\n    if not hasattr(banking_service, function_name):\n        pytest.skip(f'{function_name} not found in {module_name}')\n\n    deposit = getattr(banking_service, function_name)\n\n    # Define a scenario where amount is not positive, e.g., zero or negative\n    mock_account = {'balance': 100}\n    non_positive_amount = 0\n\n    with pytest.raises(ValueError, match=\"Amount must be positive\"):\n        deposit(mock_account, non_positive_amount)\n\n    non_positive_amount = -10\n    with pytest.raises(ValueError, match=\"Amount must be positive\"):\n        deposit(mock_account, non_positive_amount)"
    }
  ]
}