{
  "filename": "test_gen_0008_activities_deposit.py",
  "tests": [
    {
      "name": "test_deposit_valid_amount_hit_line_46",
      "code": "import pytest\nimport importlib\n\ndef get_deposit_function():\n    try:\n        module = importlib.import_module('activities')\n        return getattr(module, 'deposit', None)\n    except ImportError:\n        pytest.skip('activities module not available')\n\n\ndef test_deposit_valid_amount_hit_line_46():\n    deposit = get_deposit_function()\n    if deposit is None:\n        pytest.skip('deposit function not available')\n\n    # Assuming the deposit function takes (account_id, amount) as parameters\n    account_id = 'test_account'\n    amount = 10  # Positive amount hits the true branch of line 46\n\n    result = deposit(account_id, amount)\n\n    # Assert correct deposit processing assuming it returns balance or some success status\n    assert result is not None\n    assert isinstance(result, dict)  # Assuming it returns a dict of details\n    assert result.get('account_id') == account_id\n    assert result.get('amount') == amount\n"
    },
    {
      "name": "test_deposit_zero_amount_raises_exception_hit_line_47",
      "code": "import pytest\nimport importlib\n\ndef get_deposit_function():\n    try:\n        module = importlib.import_module('activities')\n        return getattr(module, 'deposit', None)\n    except ImportError:\n        pytest.skip('activities module not available')\n\n\ndef test_deposit_zero_amount_raises_exception_hit_line_47():\n    deposit = get_deposit_function()\n    if deposit is None:\n        pytest.skip('deposit function not available')\n\n    account_id = 'test_account'\n    amount = 0  # This should raise an exception\n\n    with pytest.raises(ValueError, match='Deposit amount must be greater than zero.'):\n        deposit(account_id, amount)\n"
    }
  ]
}