{
  "decision": {
    "gid": "0008",
    "file": "test_gen_0008_banking_service_deposit.py",
    "base_score": {
      "hit_targets": 0,
      "branch_cov": 10,
      "exec_cnt": 29
    },
    "cand_score": {
      "hit_targets": 0,
      "branch_cov": 10,
      "exec_cnt": 29
    },
    "base_rc": 0,
    "cand_rc": 0,
    "accepted": false
  },
  "cand_metrics_head": "{'rc': 0, 'timed_out': False, 'files': {'activities.py': {'executed_lines': [], 'summary': {'covered_lines': 0, 'num_statements': 41, 'percent_covered': 0.0, 'percent_covered_display': '0', 'missing_lines': 41, 'excluded_lines': 0, 'num_branches': 12, 'num_partial_branches': 0, 'covered_branches': 0, 'missing_branches': 12}, 'missing_lines': [2, 4, 6, 7, 10, 11, 12, 14, 15, 16, 17, 18, 21, 22, 23, 24, 25, 26, 30, 31, 32, 33, 34, 37, 45, 46, 47, 48, 49, 50, 55, 56, 57, 58, 59, 62, 63, 64, 65, 66,"
}