{
  "filename": "test_gen_0004_activities_deposit.py",
  "tests": [
    {
      "name": "test_deposit_valid_account_hits_L46",
      "code": "import importlib\nimport pytest\n\ndef test_deposit_valid_account_hits_L46(monkeypatch):\n    mod = importlib.import_module('activities')\n    deposit = getattr(mod, 'deposit', None)\n    if deposit is None:\n        pytest.skip('deposit function missing')\n\n    def mock_add_money(account_id, amount):\n        return True\n\n    monkeypatch.setattr(mod, 'add_money', mock_add_money)\n\n    # Setup a valid account situation\n    account_id = 'valid-account-updated'\n    amount = 100\n\n    # Test the deposit function\n    result = deposit(account_id, amount)\n\n    assert result is True"
    },
    {
      "name": "test_deposit_invalid_account_raises_exception_hits_L47",
      "code": "import importlib\nimport pytest\n\ndef test_deposit_invalid_account_raises_exception_hits_L47(monkeypatch):\n    mod = importlib.import_module('activities')\n    deposit = getattr(mod, 'deposit', None)\n    if deposit is None:\n        pytest.skip('deposit function missing')\n\n    def mock_add_money(account_id, amount):\n        if account_id != 'valid-account-updated':\n            raise ValueError('Invalid account ID')\n        return True\n\n    monkeypatch.setattr(mod, 'add_money', mock_add_money)\n\n    # Setup an invalid account situation\n    account_id = 'invalid-account'\n    amount = 100\n\n    # Test the deposit function for exception\n    with pytest.raises(ValueError, match='Invalid account ID'):\n        deposit(account_id, amount)"
    }
  ]
}