{
  "filename": "test_gen_0006_activities_refund.py",
  "tests": [
    {
      "name": "test_refund_exception_hits_L64",
      "code": "import pytest\nimport importlib\nfrom unittest.mock import patch\n\nmod = importlib.import_module('activities')\nrefund = getattr(mod, 'refund', None)\nif refund is None:\n    pytest.skip('refund function missing')\n\n@pytest.mark.asyncio\ndes async def test_refund_exception_hits_L64():\n    with patch('temporalio.client.Client') as MockClient:\n        with patch('temporalio.worker.Worker') as MockWorker:\n            # Assuming refund function might raise an exception on line 64\n            with pytest.raises(Exception) as exc_info:\n                await refund(some_param_that_triggers_exception)\n            assert 'specific error message' in str(exc_info.value)\n"
    },
    {
      "name": "test_refund_branch_hits_L65",
      "code": "import pytest\nimport importlib\nfrom unittest.mock import patch\n\nmod = importlib.import_module('activities')\nrefund = getattr(mod, 'refund', None)\nif refund is None:\n    pytest.skip('refund function missing')\n\n@pytest.mark.asyncio\ndes async def test_refund_branch_hits_L65():\n    with patch('temporalio.client.Client') as MockClient:\n        with patch('temporalio.worker.Worker') as MockWorker:\n            # Call refund with parameters that lead to the branch being hit\n            result = await refund(some_param_that_hits_line_65)\n            # Assert that the expected outcome of that branch is observed\n            assert result == expected_result\n"
    }
  ]
}