{
  "filename": "test_gen_0005_activities_deposit.py",
  "tests": [
    {
      "name": "test_deposit_branch_hits_L48",
      "code": "import pytest\nimport importlib\nfrom unittest.mock import patch\n\ndef test_deposit_branch_hits_L48(monkeypatch):\n    mod = importlib.import_module('activities')\n    deposit = getattr(mod, 'deposit', None)\n    if deposit is None:\n        pytest.skip('deposit missing')\n\n    # Patch temporalio dependencies assuming they should not run real workflows\n    with patch('temporalio.client.Client'), patch('temporalio.worker.Worker'):\n        # Create a mock account with enough balance to not raise an exception\n        mock_account = {'balance': 1000}\n        amount = 100\n        result = deposit(mock_account, amount)\n        \n        # Verify the branch at line 48 is taken and no exception occurs\n        assert result is None\n        assert mock_account['balance'] == 1100\n"
    },
    {
      "name": "test_deposit_raises_exception_hits_L50",
      "code": "import pytest\nimport importlib\nfrom unittest.mock import patch\n\ndef test_deposit_raises_exception_hits_L50(monkeypatch):\n    mod = importlib.import_module('activities')\n    deposit = getattr(mod, 'deposit', None)\n    if deposit is None:\n        pytest.skip('deposit missing')\n\n    # Patch temporalio dependencies assuming they should not run real workflows\n    with patch('temporalio.client.Client'), patch('temporalio.worker.Worker'):\n        # Create a mock account exceeding balance would raise an exception\n        mock_account = {'balance': 1000}\n        amount = -1500  # Negative deposit amount to trigger exception\n\n        # Expect an exception when trying to deposit a negative amount\n        with pytest.raises(ValueError, match='Invalid deposit amount'):  # Adjust the exception type and message appropriately\n            deposit(mock_account, amount)\n"
    }
  ]
}