{"filename":"test_gen_0003_banking_service_deposit.py","tests":[{"name":"test_deposit_branch_hits_L170","code":"import importlib\nimport pytest\n\n# Load the module using importlib\nmod = importlib.import_module('banking_service')\n\n# Access the 'deposit' function\ndeposit = getattr(mod, 'deposit', None)\nif deposit is None:\n    pytest.skip('deposit function missing')\n\ndef test_deposit_branch_hits_L170():\n    # Assuming the function takes an account and amount as arguments\n    account = {'balance': 100}\n    amount = 50  # A positive amount for the branch to be hit\n    deposit(account, amount)  # Call deposit to hit line 170\n    assert account['balance'] == 150  # Verify the balance is updated correctly\n"},{"name":"test_deposit_raises_exception_hits_L171","code":"import importlib\nimport pytest\n\n# Load the module using importlib\nmod = importlib.import_module('banking_service')\n\n# Access the 'deposit' function\ndeposit = getattr(mod, 'deposit', None)\nif deposit is None:\n    pytest.skip('deposit function missing')\n\ndef test_deposit_raises_exception_hits_L171():\n    # Assuming the function takes an account and amount as arguments\n    account = {'balance': 100}\n    amount = -50  # A negative amount to trigger the raise\n    with pytest.raises(ValueError, match='Amount must be positive'):\n        deposit(account, amount)  # Expect exception on negative amount"}]}