{
  "filename": "test_gen_0002_run_workflow_main.py",
  "tests": [
    {
      "name": "test_main_try_block_hits_L22_successful_case",
      "code": "import pytest\nimport importlib\nfrom unittest.mock import Mock\n\n\ndef test_main_try_block_hits_L22_successful_case(monkeypatch):\n    module_name = 'run_workflow'\n    mod = importlib.import_module(module_name)\n    main = getattr(mod, 'main', None)\n    if main is None:\n        pytest.skip('main missing')\n\n    # Mock the Client and Worker to prevent actual Temporal calls.\n    mock_client = Mock()\n    monkeypatch.setattr('temporalio.client.Client', mock_client)\n\n    # Mock successful workflow execution\n    mock_client.run_workflow.return_value = 'success'\n\n    # Use the main function\n    result = main()\n\n    # Assert that main ran without exception and returned expected result\n    assert result == 'success'\n    mock_client.run_workflow.assert_called_once()\n"
    },
    {
      "name": "test_main_try_block_hits_L22_exception_case",
      "code": "import pytest\nimport importlib\nfrom unittest.mock import Mock\n\n\ndef test_main_try_block_hits_L22_exception_case(monkeypatch):\n    module_name = 'run_workflow'\n    mod = importlib.import_module(module_name)\n    main = getattr(mod, 'main', None)\n    if main is None:\n        pytest.skip('main missing')\n\n    # Mock the Client and Worker to prevent actual Temporal calls.\n    mock_client = Mock()\n    monkeypatch.setattr('temporalio.client.Client', mock_client)\n\n    # Mock workflow execution with exception\n    mock_client.run_workflow.side_effect = Exception('Workflow failed')\n\n    # Test if calling main raises the expected exception\n    with pytest.raises(Exception, match='Workflow failed'):\n        main()\n"
    }
  ]
}