{
  "filename": "test_gen_0001_activities_refund.py",
  "tests": [
    {
      "name": "test_refund_branch_hits_L58",
      "code": "import pytest\nimport importlib\nfrom unittest.mock import patch\n\nmod = importlib.import_module('activities')\nrefund = getattr(mod, 'refund', None)\nif refund is None:\n    pytest.skip('refund missing')\n\n@pytest.mark.asyncio\nasync def test_refund_branch_hits_L58():\n    # mocking external dependencies\n    with patch('temporalio.client.Client') as mock_client:\n        mock_instance = mock_client.return_value\n        mock_instance.some_method.return_value = 'mocked_result'\n\n        # input causing the branch at line 58\n        account_id = 'valid_account'\n\n        result = await refund(account_id, 'some_amount')\n\n        # assert to verify the result is as expected for valid id\n        assert result == 'expected_result'\n        # further assertions can be made here"
    },
    {
      "name": "test_refund_def_use_hits_L59_62",
      "code": "import pytest\nimport importlib\nfrom unittest.mock import patch\n\nmod = importlib.import_module('activities')\nrefund = getattr(mod, 'refund', None)\nif refund is None:\n    pytest.skip('refund missing')\n\n@pytest.mark.asyncio\nasync def test_refund_def_use_hits_L59_62():\n    # mocking external dependencies\n    with patch('temporalio.client.Client') as mock_client:\n        mock_instance = mock_client.return_value\n        mock_instance.some_method.return_value = 'mocked_confirmation'\n\n        # input where confirmation variable is defined and used\n        account_id = 'confirm_use_account'\n\n        result = await refund(account_id, 'some_amount')\n\n        # asserting based on confirmation use\n        assert result == 'expected_result_based_on_confirmation'"
    },
    {
      "name": "test_refund_exception_handling_invalid_account_error_hits_L63",
      "code": "import pytest\nimport importlib\nfrom unittest.mock import patch\n\nmod = importlib.import_module('activities')\nrefund = getattr(mod, 'refund', None)\nInvalidAccountError = getattr(mod, 'InvalidAccountError', None)\nif refund is None or InvalidAccountError is None:\n    pytest.skip('necessary symbol missing')\n\n@pytest.mark.asyncio\nasync def test_refund_exception_handling_invalid_account_error_hits_L63():\n    # mocking external dependencies\n    with patch('temporalio.client.Client'):\n        # input which should cause InvalidAccountError\n        account_id = 'invalid_account'\n\n        # expect the refund to raise InvalidAccountError\n        with pytest.raises(InvalidAccountError):\n            await refund(account_id, 'some_amount')"
    }
  ]
}