{
  "decision": {
    "gid": "0008",
    "file": "test_gen_0008_activities_deposit_2.py",
    "base_score": {
      "hit_targets": 0,
      "branch_cov": 18,
      "exec_cnt": 12
    },
    "cand_score": {
      "hit_targets": 0,
      "branch_cov": 18,
      "exec_cnt": 12
    },
    "base_rc": 0,
    "cand_rc": 0,
    "accepted": false
  },
  "cand_metrics_head": "{'rc': 0, 'timed_out': False, 'files': {'activities.py': {'executed_lines': [2, 4, 6, 7, 10, 11, 14, 15, 30, 31, 55, 56], 'summary': {'covered_lines': 12, 'num_statements': 41, 'percent_covered': 33.9622641509434, 'percent_covered_display': '34', 'missing_lines': 29, 'excluded_lines': 0, 'num_branches': 12, 'num_partial_branches': 0, 'covered_branches': 6, 'missing_branches': 6}, 'missing_lines': [12, 16, 17, 18, 21, 22, 23, 24, 25, 26, 32, 33, 34, 37, 45, 46, 47, 48, 49, 50, 57, 58, 59, 62, 63,"
}