{
  "round_dir": "refine_round1",
  "using_coverage_gen_only": true,
  "params": {
    "tau1_rate": 0.25,
    "near_miss_window": 2,
    "batch_size": 3
  },
  "selected": 3,
  "batches": [
    {
      "batch_index": 1,
      "num_tests": 2
    },
    {
      "batch_index": 2,
      "num_tests": 1
    }
  ],
  "global_uncovered": {
    "total_missing_lines": 47,
    "top_files": [
      {
        "file": "activities.py",
        "missing_count": 14,
        "missing_lines": [
          46,
          47,
          48,
          49,
          50,
          57,
          58,
          59,
          62,
          63,
          64,
          65,
          66,
          67
        ]
      },
      {
        "file": "run_worker.py",
        "missing_count": 13,
        "missing_lines": [
          2,
          4,
          5,
          7,
          8,
          9,
          12,
          13,
          15,
          16,
          22,
          25,
          26
        ]
      },
      {
        "file": "workflows.py",
        "missing_count": 9,
        "missing_lines": [
          42,
          44,
          46,
          47,
          53,
          56,
          57,
          58,
          61
        ]
      },
      {
        "file": "run_workflow.py",
        "missing_count": 8,
        "missing_lines": [
          13,
          15,
          22,
          23,
          30,
          32,
          33,
          37
        ]
      },
      {
        "file": "banking_service.py",
        "missing_count": 3,
        "missing_lines": [
          170,
          171,
          193
        ]
      }
    ]
  }
}