[
  {
    "id": "0001",
    "hit": 0,
    "total": 4,
    "rate": 0.0
  },
  {
    "id": "0002",
    "hit": 0,
    "total": 4,
    "rate": 0.0
  },
  {
    "id": "0003",
    "hit": 0,
    "total": 3,
    "rate": 0.0
  },
  {
    "id": "0004",
    "hit": 0,
    "total": 3,
    "rate": 0.0
  },
  {
    "id": "0005",
    "hit": 0,
    "total": 3,
    "rate": 0.0
  },
  {
    "id": "0006",
    "hit": 0,
    "total": 3,
    "rate": 0.0
  },
  {
    "id": "0007",
    "hit": 0,
    "total": 2,
    "rate": 0.0
  },
  {
    "id": "0008",
    "hit": 0,
    "total": 2,
    "rate": 0.0
  },
  {
    "id": "0009",
    "hit": 0,
    "total": 2,
    "rate": 0.0
  },
  {
    "id": "0010",
    "hit": 0,
    "total": 2,
    "rate": 0.0
  }
]