{
  "/content/money-transfer-project-template-python/activities.py": {
    "15": {
      "covered": 2,
      "total": 2,
      "ratio": 1.0
    },
    "22": {
      "covered": 2,
      "total": 2,
      "ratio": 1.0
    },
    "31": {
      "covered": 2,
      "total": 2,
      "ratio": 1.0
    },
    "46": {
      "covered": 0,
      "total": 2,
      "ratio": 0.0
    },
    "56": {
      "covered": 2,
      "total": 2,
      "ratio": 1.0
    },
    "63": {
      "covered": 0,
      "total": 2,
      "ratio": 0.0
    }
  },
  "/content/money-transfer-project-template-python/banking_service.py": {
    "12": {
      "covered": 2,
      "total": 2,
      "ratio": 1.0
    },
    "29": {
      "covered": 2,
      "total": 2,
      "ratio": 1.0
    },
    "46": {
      "covered": 2,
      "total": 2,
      "ratio": 1.0
    },
    "64": {
      "covered": 2,
      "total": 2,
      "ratio": 1.0
    },
    "92": {
      "covered": 2,
      "total": 2,
      "ratio": 1.0
    },
    "93": {
      "covered": 2,
      "total": 2,
      "ratio": 1.0
    },
    "98": {
      "covered": 2,
      "total": 2,
      "ratio": 1.0
    },
    "146": {
      "covered": 2,
      "total": 2,
      "ratio": 1.0
    }
  },
  "/content/money-transfer-project-template-python/run_worker.py": {
    "25": {
      "covered": 0,
      "total": 2,
      "ratio": 0.0
    }
  },
  "/content/money-transfer-project-template-python/run_workflow.py": {
    "36": {
      "covered": 0,
      "total": 2,
      "ratio": 0.0
    }
  },
  "/content/money-transfer-project-template-python/shared.py": {
    "7": {
      "covered": 2,
      "total": 2,
      "ratio": 1.0
    }
  },
  "/content/money-transfer-project-template-python/workflows.py": {
    "8": {
      "covered": 2,
      "total": 2,
      "ratio": 1.0
    },
    "13": {
      "covered": 2,
      "total": 2,
      "ratio": 1.0
    },
    "16": {
      "covered": 2,
      "total": 2,
      "ratio": 1.0
    }
  },
  "/content/money-transfer-project-template-python/Pruned_Base_Tests/test_run_worker.py": {
    "15": {
      "covered": 2,
      "total": 2,
      "ratio": 1.0
    },
    "17": {
      "covered": 2,
      "total": 2,
      "ratio": 1.0
    },
    "25": {
      "covered": 2,
      "total": 2,
      "ratio": 1.0
    },
    "41": {
      "covered": 2,
      "total": 2,
      "ratio": 1.0
    },
    "43": {
      "covered": 2,
      "total": 2,
      "ratio": 1.0
    },
    "52": {
      "covered": 2,
      "total": 2,
      "ratio": 1.0
    },
    "58": {
      "covered": 2,
      "total": 2,
      "ratio": 1.0
    },
    "71": {
      "covered": 2,
      "total": 2,
      "ratio": 1.0
    },
    "73": {
      "covered": 2,
      "total": 2,
      "ratio": 1.0
    },
    "82": {
      "covered": 2,
      "total": 2,
      "ratio": 1.0
    },
    "88": {
      "covered": 2,
      "total": 2,
      "ratio": 1.0
    }
  }
}