{
  "edits": [
    {
      "id": "0003::test_0003_test_gen_0003_banking_service_deposit_py_2.py",
      "new_code": "import importlib\nimport pytest\n\n# Load the module using importlib\nmod = importlib.import_module('banking_service')\n\n# Access the 'deposit' function\ndeposit = getattr(mod, 'deposit', None)\nif deposit is None:\n    pytest.skip('deposit function missing')\n\ndef test_deposit_raises_exception_hits_L171():\n    # Assuming the function takes an account and amount as arguments\n    account = {'balance': 100}\n    amount = -50  # A negative amount to trigger the raise\n    # Use the current time simulation to ensure specific logic paths are taken, such as amount checks\n    with pytest.raises(ValueError, match='Amount must be positive'):\n        deposit(account, amount)  # Expect exception on negative amount\n"
    },
    {
      "id": "0004::test_0004_test_gen_0004_activities_deposit_py_2.py",
      "new_code": "import importlib\nimport pytest\n\ndef test_deposit_invalid_account_raises_exception_hits_L47(monkeypatch):\n    mod = importlib.import_module('activities')\n    deposit = getattr(mod, 'deposit', None)\n    if deposit is None:\n        pytest.skip('deposit function missing')\n\n    def mock_add_money(account_id, amount):\n        if account_id != 'valid-account-updated':\n            raise ValueError('Invalid account ID')\n        return True\n\n    monkeypatch.setattr(mod, 'add_money', mock_add_money)\n\n    # Setup an invalid account situation\n    account_id = 'invalid-account'\n    amount = 100\n    # Test the deposit function for exception\n    with pytest.raises(ValueError, match='Invalid account ID'):\n        deposit(account_id, amount)\n"
    }
  ]
}