{
  "filename": "test_gen_0006_run_workflow_main.py",
  "tests": [
    {
      "name": "test_hit_branch_line_22",
      "code": "import pytest\nimport importlib\n\n# Import the module and main function\ntry:\n    run_workflow = importlib.import_module('run_workflow')\n    main_func = getattr(run_workflow, 'main')\nexcept (ImportError, AttributeError):\n    pytest.skip('Required module or function not available.')\n\n@pytest.mark.asyncio\ndef test_hit_branch_line_22(monkeypatch):\n    async def mock_run_workflow(*args, **kwargs):\n        return 42  # Mock result\n\n    # Assume that there is some workflow run involved that needs patching\n    monkeypatch.setattr(run_workflow, 'run', mock_run_workflow)\n\n    result = await main_func()\n\n    # Asserting the mocked result to verify def-use line 23 to 30\n    assert result == 42"
    },
    {
      "name": "test_hit_else_branch_line_22",
      "code": "import pytest\nimport importlib\n\n# Import the module and main function\ntry:\n    run_workflow = importlib.import_module('run_workflow')\n    main_func = getattr(run_workflow, 'main')\nexcept (ImportError, AttributeError):\n    pytest.skip('Required module or function not available.')\n\n@pytest.mark.asyncio\ndef test_hit_else_branch_line_22(monkeypatch):\n    async def mock_run_workflow(*args, **kwargs):\n        return None  # Mock result indicating the else branch\n\n    monkeypatch.setattr(run_workflow, 'run', mock_run_workflow)\n\n    result = await main_func()\n\n    # Verifying that the return value is None ensures else path\n    assert result is None"
    }
  ]
}