{
  "filename": "test_gen_0009_activities_deposit.py",
  "tests": [
    {
      "name": "test_deposit_hits_line_46",
      "code": "import pytest\nimport importlib\n\n@pytest.mark.asyncio\nasync def test_deposit_hits_line_46(monkeypatch):\n    activities = importlib.import_module(\"activities\")\n    deposit = getattr(activities, 'deposit', None)\n    if deposit is None:\n        pytest.skip('deposit function not available')\n\n    def mock_external_dependency(*args, **kwargs):\n        return True\n\n    monkeypatch.setattr('activities.external_dependency', mock_external_dependency)\n\n    # Assuming the branch at line 46 is `if condition:`\n    # We need to create the input that goes down the path of line 46 being executed.\n    # Assume the `condition` is True for this test.\n    result = await deposit(True)  # Replace with actual needed parameters\n    assert result is not None"
    },
    {
      "name": "test_deposit_raises_exception_line_48",
      "code": "import pytest\nimport importlib\n\n@pytest.mark.asyncio\nasync def test_deposit_raises_exception_line_48(monkeypatch):\n    activities = importlib.import_module(\"activities\")\n    deposit = getattr(activities, 'deposit', None)\n    if deposit is None:\n        pytest.skip('deposit function not available')\n\n    def mock_external_dependency(*args, **kwargs):\n        raise Exception('Intentional exception for testing')\n\n    monkeypatch.setattr('activities.external_dependency', mock_external_dependency)\n\n    with pytest.raises(Exception, match='Intentional exception for testing'):\n        await deposit(False)  # Replace with actual needed parameters"
    }
  ]
}