{
  "filename": "test_gen_0008_activities_deposit.py",
  "tests": [
    {
      "name": "test_deposit_branch_line_46",
      "code": "import importlib\nimport pytest\n\nactivities_module = importlib.import_module('activities')\ndeposit = getattr(activities_module, 'deposit', None)\n\n@pytest.mark.asyncio\nasync def test_deposit_branch_line_46():\n    if deposit is None:\n        pytest.skip('deposit function not found')\n    # Assuming account object and amount parameters.\n    account = {'balance': 100}\n    amount = 50  # Positive amount to hit line 46 without exception\n    result = await deposit(account, amount)\n    assert result is not None\n    assert account['balance'] == 150\n"
    },
    {
      "name": "test_deposit_exception_line_47",
      "code": "import importlib\nimport pytest\n\nactivities_module = importlib.import_module('activities')\ndeposit = getattr(activities_module, 'deposit', None)\n\n@pytest.mark.asyncio\nasync def test_deposit_exception_line_47():\n    if deposit is None:\n        pytest.skip('deposit function not found')\n    # Assuming account object and amount parameters.\n    account = {'balance': 100}\n    amount = -10  # Negative amount to raise an exception\n    with pytest.raises(ValueError, match='Deposit amount must be positive'):\n        await deposit(account, amount)\n"
    }
  ]
}