{
  "filename": "test_gen_0004_run_workflow_main.py",
  "tests": [
    {
      "name": "test_main_line_22_branch_true",
      "code": "import pytest\nimport importlib\n\n@pytest.mark.asyncio\nasync def test_main_line_22_branch_true(monkeypatch):\n    try:\n        run_workflow = importlib.import_module('run_workflow')\n        main_func = getattr(run_workflow, 'main', None)\n        if main_func is None:\n            pytest.skip('main function not found')\n    except ModuleNotFoundError:\n        pytest.skip('run_workflow module not found')\n\n    async def mock_run_workflow(workflow_data):\n        return 'Mock Success'\n\n    # Replace temporal client in main\n    monkeypatch.setattr('temporalio.client.Client', mock_run_workflow)\n\n    # Execute main function asynchronously\n    result = await main_func()\n    assert result == 'Mock Success'\n"
    },
    {
      "name": "test_main_line_22_branch_exception",
      "code": "import pytest\nimport importlib\n\n@pytest.mark.asyncio\nasync def test_main_line_22_branch_exception(monkeypatch):\n    try:\n        run_workflow = importlib.import_module('run_workflow')\n        main_func = getattr(run_workflow, 'main', None)\n        if main_func is None:\n            pytest.skip('main function not found')\n    except ModuleNotFoundError:\n        pytest.skip('run_workflow module not found')\n\n    async def mock_run_workflow(workflow_data):\n        raise ValueError('Mock Error')\n\n    # Replace temporal client in main\n    monkeypatch.setattr('temporalio.client.Client', mock_run_workflow)\n\n    # Attempt to execute and expect exception\n    with pytest.raises(ValueError, match='Mock Error'):\n        await main_func()\n"
    }
  ]
}