{
  "filename": "test_gen_0003_activities_refund.py",
  "tests": [
    {
      "name": "test_refund_branch_line_58_confirmation_false",
      "code": "import sys\nimport pytest\nimport importlib\n\n@pytest.mark.skipif(sys.version_info < (3, 6), reason=\"requires python3.6+\")\ndef test_refund_branch_line_58_confirmation_false():\n    modules = importlib.import_module('activities')\n    refund = getattr(modules, 'refund', None)\n\n    if refund is None:\n        pytest.skip('refund function is not available')\n    \n    # Parameters to trigger the branch at line 58 where confirmation is False\n    amount = 100\n    confirmation = False\n\n    with pytest.raises(Exception, match=\"Refund cannot proceed without confirmation\"):\n        refund(amount=amount, confirmation=confirmation)"
    },
    {
      "name": "test_refund_branch_line_58_confirmation_true",
      "code": "import sys\nimport pytest\nimport importlib\n\n@pytest.mark.skipif(sys.version_info < (3, 6), reason=\"requires python3.6+\")\ndef test_refund_branch_line_58_confirmation_true():\n    modules = importlib.import_module('activities')\n    refund = getattr(modules, 'refund', None)\n\n    if refund is None:\n        pytest.skip('refund function is not available')\n\n    # Parameters to take the positive branch where confirmation is True\n    amount = 100\n    confirmation = True\n\n    result = refund(amount=amount, confirmation=confirmation)\n    \n    # Assert the result is as expected\n    assert result is not None\n    assert result == 'Refund successful'"
    }
  ]
}