{
  "filename": "test_gen_0010_activities_deposit.py",
  "tests": [
    {
      "name": "test_deposit_branch_line_46",
      "code": "import pytest\nimport importlib\n\nactivities = importlib.import_module('activities')\n\ndef test_deposit_branch_line_46():\n    # Assuming `account` is an object that supports deposit method\n    account = {'balance': 100}\n    amount = 50  # This should trigger the non-raise path\n\n    balance_before = account.get('balance', 0)\n    try:\n        activities.deposit(account, amount)\n    except Exception as e:\n        pytest.fail(f'Unexpected exception raised: {e}')\n\n    balance_after = account.get('balance', 0)\n    assert balance_after == balance_before + amount, \"Balance was not updated correctly\""
    },
    {
      "name": "test_deposit_exception_line_50",
      "code": "import pytest\nimport importlib\n\nactivities = importlib.import_module('activities')\n\ndef test_deposit_exception_line_50():\n    # Assuming `account` is an object that supports deposit method\n    account = {'balance': 100}\n    amount = -50  # This should trigger the exception\n\n    with pytest.raises(ValueError) as exc_info:\n        activities.deposit(account, amount)\n\n    assert str(exc_info.value) == 'Deposit amount must be positive', \"Unexpected exception message\""
    }
  ]
}