{
  "filename": "test_gen_0002_activities_refund.py",
  "tests": [
    {
      "name": "test_refund_normal_flow_lines_59_62",
      "code": "\nimport pytest\nimport importlib\n\nmod = importlib.import_module('activities')\n\n\ndef test_refund_normal_flow_lines_59_62(monkeypatch):\n    refund = getattr(mod, 'refund', None)\n    if refund is None:\n        pytest.skip('refund not found in activities')\n\n    # Mock method to simulate normal behavior i.e., no exception\n    def mock_execute_refund(*args, **kwargs):\n        return 'Refund successful'\n\n    # Assuming execute_refund is being called within refund\n    monkeypatch.setattr(mod, 'execute_refund', mock_execute_refund)\n\n    # Call refund with a valid amount that does not raise exceptions\n    result = refund(amount=100)  # Example with an arbitrary valid amount value\n\n    # Assert the normal flow without exceptions\n    assert result == 'Refund successful', 'Expected normal refund successful message'\n"
    },
    {
      "name": "test_refund_exception_raised_lines_64_65",
      "code": "\nimport pytest\nimport importlib\n\nmod = importlib.import_module('activities')\n\n\ndef test_refund_exception_raised_lines_64_65(monkeypatch):\n    refund = getattr(mod, 'refund', None)\n    if refund is None:\n        pytest.skip('refund not found in activities')\n\n    # Mock method to simulate failure that causes exception\n    def mock_execute_refund(*args, **kwargs):\n        raise Exception('Refund failed due to insufficient funds')\n\n    # Assuming execute_refund is being called within refund\n    monkeypatch.setattr(mod, 'execute_refund', mock_execute_refund)\n\n    # Assert the exception is raised when refund fails\n    with pytest.raises(Exception, match='Refund failed due to insufficient funds'):\n        refund(amount=-100)  # Example triggering the exception\n"
    }
  ]
}