{
  "filename": "test_gen_0007_banking_service_deposit.py",
  "tests": [
    {
      "name": "test_deposit_valid_amount_hits_line_170",
      "code": "import pytest\nimport importlib\n\nmodule_name = 'banking_service'\nfunction_name = 'deposit'\n\ntry:\n    module = importlib.import_module(module_name)\n    deposit = getattr(module, function_name)\nexcept (ImportError, AttributeError):\n    pytest.skip(f'Module {module_name} or function {function_name} could not be imported.')\n\n\ndef test_deposit_valid_amount_hits_line_170():\n    account = {\"balance\": 100}  # Mock account object\n    amount = 50  # Valid deposit amount\n\n    deposit(account, amount)\n\n    assert account[\"balance\"] == 150, \"Balance should be updated correctly after deposit.\""
    },
    {
      "name": "test_deposit_negative_amount_raises_exception_hits_line_171",
      "code": "import pytest\nimport importlib\n\nmodule_name = 'banking_service'\nfunction_name = 'deposit'\n\ntry:\n    module = importlib.import_module(module_name)\n    deposit = getattr(module, function_name)\nexcept (ImportError, AttributeError):\n    pytest.skip(f'Module {module_name} or function {function_name} could not be imported.')\n\n\ndef test_deposit_negative_amount_raises_exception_hits_line_171():\n    account = {\"balance\": 100}  # Mock account object\n    amount = -10  # Invalid deposit amount to trigger exception\n\n    with pytest.raises(ValueError, match=\"Deposit amount must be positive\"):\n        deposit(account, amount)"
    }
  ]
}