{
  "filename": "test_gen_0001_activities_refund.py",
  "tests": [
    {
      "name": "test_refund_valid_confirmation_branch_58",
      "code": "import importlib\nimport pytest\n\nactivities = importlib.import_module('activities')\nrefund = getattr(activities, 'refund', None)\n\n@pytest.mark.skipif(refund is None, reason='refund not implemented yet')\ndef test_refund_valid_confirmation_branch_58(monkeypatch):\n    \n    def mock_check_account(account_id):\n        return True\n    \n    monkeypatch.setattr(activities, 'check_account', mock_check_account)\n\n    account_id = 123\n    amount = 100.0\n    confirmation = True\n    \n    result = refund(account_id, amount, confirmation)\n    \n    assert result == 'Refund processed', 'The refund should be processed for valid accounts with confirmation.'\n"
    },
    {
      "name": "test_refund_invalid_account_exception_branch_63",
      "code": "import importlib\nimport pytest\n\nactivities = importlib.import_module('activities')\nrefund = getattr(activities, 'refund', None)\n\n@pytest.mark.skipif(refund is None, reason='refund not implemented yet')\ndef test_refund_invalid_account_exception_branch_63(monkeypatch):\n    \n    def mock_check_account(account_id):\n        return False\n    \n    monkeypatch.setattr(activities, 'check_account', mock_check_account)\n\n    account_id = 999\n    amount = 100.0\n    confirmation = True\n    \n    with pytest.raises(activities.InvalidAccountError, match='Invalid account 999'):\n        refund(account_id, amount, confirmation)\n"
    }
  ]
}