{
  "filename": "test_gen_0005_activities_refund.py",
  "tests": [
    {
      "name": "test_line58_refund_condition_true",
      "code": "import pytest\nimport importlib\n\nMODULE_NAME = 'activities'\n\n@pytest.fixture\ndef refund_function():\n    try:\n        module = importlib.import_module(MODULE_NAME)\n        return getattr(module, 'refund')\n    except (ImportError, AttributeError):\n        pytest.skip(f'{MODULE_NAME}.refund not available')\n\nasync def test_line58_refund_condition_true(refund_function):\n    # assuming refund() is a non-normal function where refund_amount > 0 processes a refund\n    result = await refund_function(order_id='test_order_123', refund_amount=100)\n    assert result is not None  # Ensure the refund happened\n"
    },
    {
      "name": "test_line58_refund_condition_false",
      "code": "import pytest\nimport importlib\n\nMODULE_NAME = 'activities'\n\n@pytest.fixture\ndef refund_function():\n    try:\n        module = importlib.import_module(MODULE_NAME)\n        return getattr(module, 'refund')\n    except (ImportError, AttributeError):\n        pytest.skip(f'{MODULE_NAME}.refund not available')\n\nasync def test_line58_refund_condition_false(refund_function):\n    # If refund_amount <= 0, we expect no refund and thus a None or False return\n    result = await refund_function(order_id='test_order_123', refund_amount=0)\n    assert result is None  # No refund should happen for zero amount\n"
    }
  ]
}